latency(lag),total size,packet,time_stamp,err_count,success_count
3796,37611023690,100000008,32.13,725040,98818920
3801,37610357068,100000008,64.25,726120,98817915
3811,37610008447,100000004,96.37,726624,98817330
3815,37609952602,100000004,128.49,726624,98817352
3823,37609660378,100000004,160.61,726624,98817334
3824,37610603419,100000004,192.73,726554,98817374
3824,37610553754,100000008,224.84,726175,98817831
3830,37610185626,100000004,256.97,725118,98818855
3832,37610342388,100000004,289.09,726561,98817437
3834,37609786196,100000004,321.21,726624,98817350
3835,37609789900,100000004,353.32,726624,98817354
3834,37609977952,100000008,385.44,726602,98817335
3833,37610641898,100000004,417.57,726540,98817403
3832,37610360251,100000004,449.68,725724,98818260
3838,37610215478,100000008,481.80,725542,98818476
3840,37610261788,100000004,513.93,726624,98817365
3840,37609860770,100000004,546.04,726624,98817332
3843,37609759646,100000004,578.16,726624,98817354
3843,37610440688,100000008,610.28,726565,98817370
3843,37610319224,100000008,642.40,726533,98817437
3843,37610108248,100000008,674.51,725240,98818733
3843,37610381335,100000004,706.63,726070,98817949
3843,37610110141,100000016,738.76,726624,98817367
3843,37609903334,100000004,770.88,726624,98817353
3947,37609674547,100000008,802.99,726624,98817339
3845,37610585969,100000004,835.12,726554,98817376
3849,37610514621,100000004,867.24,726233,98817760
3844,37610198796,100000008,899.36,725140,98818836
3850,37610321455,100000012,931.47,726481,98817528
3850,37609829760,100000004,963.60,726624,98817356
3850,37609817166,100000004,995.71,726624,98817344
3851,37609908108,100000020,1027.84,726604,98817356
3850,37610621337,100000004,1059.95,726547,98817390
3851,37610312305,100000004,1092.08,725773,98818212
3854,37610383221,100000004,1124.19,725484,98818528
3854,37610097581,100000012,1156.32,726624,98817371
3855,37610015730,100000004,1188.43,726624,98817337
3855,37609805657,100000008,1220.55,726624,98817358
3855,37610266807,100000008,1252.67,726572,98817366
3855,37610466788,100000004,1284.79,726531,98817432
3855,37610003026,100000012,1316.91,725290,98818680
3855,37610346139,100000004,1349.03,726015,98818012
3856,37610240521,100000016,1381.15,726624,98817365
3855,37609899584,100000004,1413.26,726624,98817357
3856,37609627230,100000004,1445.39,726624,98817330
3855,37610571259,100000004,1477.51,726554,98817367
3854,37610447508,100000008,1509.63,726308,98817697
3855,37610333735,100000008,1541.74,725113,98818860
3856,37610229452,100000008,1573.86,726433,98817579
3855,37609861625,100000008,1605.98,726624,98817354
3858,37609886911,100000004,1638.11,726624,98817345
3860,37609893921,100000004,1670.23,726606,98817346
3858,37610497788,100000012,1702.35,726558,98817374
3855,37610565245,100000004,1734.46,725820,98818176
3855,37610236938,100000004,1766.59,725424,98818585
3855,37610119936,100000008,1798.70,726624,98817362
3861,37610029421,100000008,1830.82,726624,98817346
3863,37609813702,100000004,1862.95,726624,98817351
3862,37610097372,100000004,1895.06,726575,98817365
3862,37610469669,100000004,1927.18,726537,98817424
3861,37610099808,100000004,1959.30,725362,98818598
3861,37610242313,100000004,1991.42,725934,98818088
3862,37610334411,100000012,2023.54,726624,98817362
3863,37609906653,100000004,2055.66,726624,98817358
3862,37609741534,100000008,2087.78,726624,98817339
3862,37610567700,100000004,2119.89,726554,98817366
3862,37610280141,100000004,2152.02,726359,98817644
3861,37610353414,100000008,2184.14,725120,98818847
3863,37610253294,100000008,2216.26,726375,98817643
3865,37609859818,100000008,2248.37,726624,98817354
3865,37609877844,100000004,2280.50,726624,98817340
3865,37609893127,100000008,2312.61,726606,98817354
3866,37610496381,100000004,2344.73,726562,98817364
3866,37610567781,100000012,2376.85,725885,98818114
3866,37610202474,100000004,2408.97,725355,98818658
3866,37610135959,100000008,2441.09,726624,98817355
3866,37610034435,100000004,2473.21,726624,98817348
3866,37609753550,100000008,2505.33,726624,98817343
3866,37610114292,100000008,2537.44,726579,98817375
3866,37610585900,100000008,2569.57,726535,98817427
3866,37610116316,100000004,2601.69,725431,98818534
3866,37610328559,100000008,2633.81,725863,98818157
3866,37610147877,100000004,2665.92,726624,98817363
3866,37609945371,100000004,2698.04,726624,98817349
3866,37609692828,100000016,2730.16,726624,98817358
3865,37610607729,100000004,2762.28,726554,98817360
3864,37610323120,100000004,2794.40,726406,98817592
3866,37610291118,100000004,2826.52,725126,98818827
3866,37610193579,100000012,2858.64,726322,98817716
3866,37609903282,100000004,2890.75,726624,98817346
3866,37609894696,100000008,2922.87,726624,98817348
3866,37609838844,100000008,2954.99,726614,98817335
3867,37610579947,100000008,2987.11,726554,98817380
3868,37610580075,100000004,3019.23,725947,98818051
3867,37610109091,100000004,3051.36,725293,98818713
3866,37610234649,100000004,3083.48,726624,98817350
3866,37609919562,100000004,3115.60,726624,98817360
3865,37609899558,100000004,3147.71,726624,98817330
3866,37610131428,100000008,3179.83,726580,98817379
3867,37610495965,100000004,3211.96,726538,98817419
3865,37610124925,100000004,3244.07,725494,98818470
3866,37610320408,100000001,3276.19,725796,98818211
3866,37610148953,100000007,3308.31,726624,98817373
3865,37609960023,100000004,3340.43,726624,98817352
3865,37609709484,100000008,3372.55,726624,98817349
3865,37610635276,100000008,3404.66,726554,98817364
3866,37610249687,100000004,3436.79,726467,98817530
3866,37610116924,100000004,3468.91,725107,98818847
3867,37610367035,100000004,3501.02,726280,98817739
3866,37609885033,100000008,3533.15,726624,98817341
3865,37609944126,100000004,3565.27,726624,98817361
3864,37609796421,100000004,3597.38,726617,98817329
3868,37610588022,100000008,3629.50,726552,98817387
3871,37610567761,100000004,3661.62,726007,98817990
3873,37610179436,100000004,3693.74,725232,98818762
3873,37610348406,100000012,3725.86,726624,98817365
3873,37609789177,100000004,3757.98,726624,98817360
3873,37609833087,100000008,3790.10,726624,98817341
3873,37610108833,100000004,3822.22,726585,98817355
3873,37610542378,100000004,3854.34,726537,98817411
3872,37610158698,100000012,3886.45,725574,98818416
3873,37610285230,100000004,3918.58,725712,98818298
3873,37610211929,100000004,3950.70,726624,98817368
3873,37609957141,100000004,3982.81,726624,98817350
3872,37609680012,100000008,4014.93,726624,98817346
3871,37610589288,100000008,4047.05,726554,98817371
3872,37610258764,100000004,4079.17,726522,98817470
3873,37610097816,100000004,4111.29,725111,98818843
3873,37610442953,100000004,4143.41,726221,98817804
3873,37609982052,100000008,4175.53,726624,98817342
3873,37609887779,100000002,4207.65,726624,98817355
3873,37609756558,100000010,4239.76,726617,98817342
3872,37610481939,100000004,4271.89,726557,98817377
3873,37610652701,100000008,4304.01,726066,98817934
3873,37610234078,100000004,4336.13,725168,98818809
3873,37610331097,100000008,4368.24,726624,98817374
3968,37609714163,100000004,4400.37,726624,98817351
3880,37609814354,100000004,4432.49,726624,98817344
3879,37610076777,100000012,4464.60,726592,98817354
3875,37610646806,100000004,4496.73,726533,98817412
3875,37610233126,100000004,4528.84,725629,98818354
3877,37610140057,100000004,4560.96,725654,98818360
3876,37610250703,100000004,4593.08,726624,98817368
3876,37609970880,100000004,4625.20,726624,98817351
3876,37609707924,100000008,4657.32,726624,98817347
3876,37610527333,100000008,4689.44,726560,98817365
3875,37610311361,100000004,4721.55,726528,98817455
3874,37610143751,100000004,4753.68,725154,98818815
3874,37610370060,100000004,4785.79,726166,98817856
3876,37609959343,100000008,4817.92,726624,98817340
3876,37609948046,100000004,4850.03,726624,98817349
3876,37609678719,100000012,4882.16,726624,98817347
3876,37610538841,100000004,4914.28,726554,98817377
3875,37610561793,100000004,4946.39,726133,98817860
3876,37610271739,100000012,4978.51,725117,98818870
3876,37610384389,100000008,5010.64,726604,98817394
3876,37609699802,100000004,5042.75,726624,98817347
3877,37609815366,100000004,5074.87,726624,98817356
3875,37610062532,100000008,5106.98,726598,98817336
3875,37610587352,100000004,5139.11,726541,98817407
3876,37610375977,100000016,5171.22,725674,98818323
3875,37610129090,100000008,5203.34,725595,98818422
3874,37610264547,100000004,5235.47,726624,98817364
3874,37609965137,100000004,5267.58,726624,98817337
3875,37609686384,100000004,5299.70,726624,98817359
3876,37610498776,100000004,5331.83,726563,98817358
3877,37610272591,100000004,5363.94,726532,98817439
3875,37610143283,100000008,5396.06,725204,98818773
3876,37610365717,100000004,5428.18,726109,98817923
3876,37610060956,100000016,5460.30,726624,98817345
3876,37609923810,100000008,5492.42,726624,98817356
3876,37609694734,100000008,5524.53,726624,98817338
3876,37610584709,100000004,5556.65,726554,98817374
3876,37610538712,100000004,5588.77,726189,98817809
3876,37610173733,100000008,5620.89,725118,98818860
3876,37610372707,100000008,5653.01,726547,98817456
3876,37609773245,100000004,5685.13,726624,98817352
3876,37609813439,100000012,5717.25,726624,98817362
3876,37609933366,100000004,5749.37,726602,98817331
3876,37610643799,100000004,5781.49,726543,98817400
3876,37610342160,100000004,5813.61,725732,98818252
3876,37610259516,100000012,5845.73,725531,98818491
3875,37610281399,100000008,5877.85,726624,98817367
3876,37609839561,100000001,5909.97,726624,98817330
3875,37609726035,100000003,5942.09,726624,98817352
3874,37610462782,100000004,5974.21,726565,98817368
3874,37610310954,100000012,6006.32,726535,98817437
3874,37610099234,100000004,6038.44,725260,98818706
3874,37610403044,100000008,6070.56,726048,98817979
3874,37610099941,100000024,6102.68,726624,98817375
3874,37609930734,100000004,6134.79,726624,98817352
3874,37609662963,100000008,6166.91,726624,98817339
3875,37610611765,100000004,6199.04,726554,98817378
3875,37610452245,100000004,6231.15,726249,98817744
3877,37610198347,100000004,6263.28,725137,98818834
3876,37610326102,100000008,6295.39,726468,98817538
3875,37609871256,100000004,6327.51,726624,98817354
3876,37609803238,100000008,6359.63,726624,98817348
3876,37609893713,100000008,6391.75,726604,98817346
3876,37610603848,100000004,6423.87,726553,98817381
3875,37610465139,100000004,6455.99,725779,98818209
3876,37610281971,100000004,6488.11,725472,98818540
3876,37610065047,100000008,6520.22,726624,98817364
3876,37610019528,100000008,6552.35,726624,98817344
3876,37609856455,100000004,6584.47,726624,98817353
3876,37610205369,100000008,6616.59,726572,98817365
3876,37610468888,100000012,6648.71,726531,98817441
3876,37610046992,100000004,6680.82,725305,98818658
3876,37610303607,100000004,6712.95,726000,98818025
3875,37610239748,100000004,6745.06,726624,98817351
3875,37609903629,100000004,6777.18,726624,98817361
3875,37609633325,100000004,6809.30,726624,98817329
3875,37610658397,100000004,6841.42,726554,98817368
3877,37610328535,100000004,6873.55,726315,98817685
3876,37610353147,100000004,6905.66,725114,98818856
3876,37610206754,100000004,6937.78,726425,98817583
3876,37609874699,100000012,6969.90,726624,98817355
3876,37609885197,100000004,7002.02,726624,98817348
3876,37609889274,100000006,7034.13,726606,98817345
3875,37610484351,100000002,7066.25,726561,98817364
3876,37610602703,100000008,7098.38,725836,98818164
3875,37610227055,100000008,7130.49,725405,98818607
3876,37610125687,100000004,7162.61,726624,98817357
3876,37610031209,100000004,7194.73,726624,98817343
3881,37609797010,100000004,7226.85,726624,98817348
3880,37610112424,100000004,7258.97,726575,98817366
3880,37610456468,100000008,7291.08,726539,98817429
3880,37610107611,100000004,7323.21,725379,98818581
3880,37610244484,100000004,7355.33,725915,98818107
3881,37610314769,100000004,7387.44,726624,98817354
3881,37609940317,100000004,7419.57,726624,98817351
3883,37609711769,100000012,7451.69,726624,98817350
3882,37610588890,100000004,7483.81,726554,98817365
3882,37610294765,100000012,7515.92,726370,98817637
3882,37610350924,100000004,7548.04,725119,98818845
3882,37610229766,100000008,7580.16,726365,98817657
3882,37609879207,100000014,7612.28,726624,98817358
3882,37609875394,100000014,7644.40,726624,98817351
3882,37609867777,100000008,7676.52,726608,98817349
3881,37610548827,100000004,7708.63,726560,98817370
3882,37610555237,100000012,7740.76,725899,98818099
3882,37610177357,100000012,7772.87,725341,98818681
3882,37610135869,100000004,7804.99,726624,98817350
3881,37610024788,100000004,7837.11,726624,98817348
3882,37609791430,100000001,7869.24,726624,98817334
3882,37610084004,100000003,7901.36,726579,98817371
3882,37610610989,100000004,7933.47,726536,98817423
3882,37610119708,100000008,7965.59,725446,98818523
3951,37610306951,100000008,7997.71,725847,98818170
3912,37610162190,100000008,8029.83,726624,98817369
3887,37609930894,100000008,8061.95,726624,98817355
3883,37609703107,100000008,8094.07,726624,98817349
3883,37610596086,100000008,8126.19,726554,98817363
3883,37610330429,100000004,8158.31,726419,98817580
3881,37610272402,100000016,8190.43,725126,98818840
3880,37610210275,100000004,8222.55,726309,98817719
3882,37609918305,100000008,8254.67,726624,98817351
3882,37609861171,100000008,8286.79,726624,98817349
3882,37609826031,100000010,8318.90,726616,98817334
3882,37610601347,100000002,8351.03,726552,98817376
3882,37610571881,100000001,8383.14,725964,98818032
3882,37610170881,100000003,8415.26,725276,98818728
3882,37610200041,100000004,8447.39,726624,98817351
3882,37609892692,100000004,8479.50,726624,98817356
3882,37609929905,100000004,8511.62,726624,98817334
3882,37610089311,100000006,8543.74,726580,98817376
3881,37610526480,100000002,8575.86,726538,98817414
3883,37610162267,100000016,8607.98,725518,98818459
3882,37610262761,100000008,8640.10,725772,98818244
3881,37610153227,100000004,8672.22,726624,98817369
3882,37610022485,100000004,8704.33,726624,98817354
3881,37609655859,100000004,8736.45,726624,98817342
3882,37610639054,100000008,8768.58,726554,98817366
3882,37610232528,100000008,8800.70,726480,98817519
3884,37610138214,100000004,8832.81,725102,98818854
3883,37610372557,100000002,8864.93,726272,98817742
3884,37609897825,100000002,8897.05,726624,98817339
3884,37609950113,100000004,8929.16,726624,98817361
3884,37609781980,100000004,8961.29,726617,98817328
3883,37610549356,100000012,8993.41,726555,98817389
3883,37610619855,100000012,9025.53,726021,98817984
3884,37610187143,100000008,9057.65,725215,98818778
3884,37610320318,100000004,9089.77,726624,98817362
3884,37609802131,100000004,9121.88,726624,98817356
3884,37609810829,100000008,9154.00,726624,98817341
3883,37610087780,100000012,9186.12,726587,98817365
3884,37610612828,100000004,9218.25,726535,98817413
3884,37610110227,100000004,9250.36,725596,98818382
3884,37610282714,100000002,9282.48,725690,98818317
3884,37610279903,100000002,9314.60,726624,98817367
3884,37609943893,100000004,9346.72,726624,98817354
3883,37609632866,100000004,9378.83,726624,98817340
3883,37610566055,100000004,9410.95,726556,98817363
3884,37610272121,100000004,9443.08,726528,98817464
3884,37610135684,100000004,9475.19,725117,98818840
3883,37610406438,100000008,9507.31,726207,98817822
3883,37609993508,100000004,9539.44,726624,98817337
3884,37609894309,100000004,9571.55,726624,98817358
3883,37609729650,100000004,9603.67,726618,98817336
3883,37610501669,100000004,9635.79,726556,98817376
3883,37610635383,100000004,9667.91,726081,98817916
3883,37610216742,100000004,9700.03,725153,98818825
3883,37610369941,100000004,9732.15,726624,98817368
3884,37609664435,100000012,9764.26,726624,98817358
3884,37609834244,100000020,9796.38,726624,98817363
3883,37610155037,100000006,9828.50,726593,98817345
3885,37610567483,100000002,9860.62,726538,98817404
3884,37610235021,100000004,9892.74,725635,98818350
3883,37610152025,100000012,9924.86,725642,98818380
3882,37610258549,100000004,9956.98,726624,98817365
3882,37609984883,100000004,9989.09,726624,98817347
3882,37609711047,100000008,10021.21,726624,98817352
3883,37610464615,100000012,10053.33,726562,98817368
3884,37610362854,100000004,10085.46,726527,98817454
3884,37610151157,100000004,10117.57,725159,98818814
3884,37610387613,100000004,10149.69,726160,98817862
3883,37609923634,100000008,10181.81,726624,98817338
3884,37609973014,100000008,10213.93,726624,98817353
3884,37609726733,100000008,10246.05,726624,98817340
3883,37610479527,100000012,10278.17,726554,98817387
3883,37610624256,100000008,10310.28,726139,98817860
3883,37610217973,100000008,10342.40,725122,98818861
3884,37610360809,100000004,10374.53,726593,98817401
3884,37609728531,100000008,10406.65,726624,98817352
3882,37609841526,100000004,10438.77,726624,98817356
3884,37610003250,100000016,10470.89,726600,98817342
3884,37610626039,100000004,10503.00,726539,98817408
3884,37610360286,100000004,10535.12,725688,98818296
3884,37610154639,100000004,10567.25,725581,98818432
3884,37610254214,100000004,10599.36,726624,98817366
3884,37609915704,100000008,10631.48,726624,98817338
3884,37609713154,100000004,10663.59,726624,98817358
3884,37610457765,100000004,10695.72,726563,98817359
3884,37610286678,100000008,10727.84,726535,98817443
3884,37610171571,100000012,10759.95,725207,98818771
3884,37610384238,100000004,10792.08,726103,98817930
3883,37610064294,100000004,10824.19,726624,98817332
3884,37609884960,100000004,10856.31,726624,98817353
3883,37609712555,100000004,10888.43,726624,98817336
3884,37610577953,100000012,10920.55,726554,98817382
3884,37610542367,100000004,10952.67,726199,98817799
3883,37610162768,100000004,10984.79,725124,98818847
3884,37610401905,100000016,11016.90,726531,98817483
3883,37609759357,100000008,11049.02,726624,98817356
3884,37609814554,100000008,11081.14,726624,98817358
3884,37609925023,100000004,11113.27,726602,98817331
3884,37610632855,100000004,11145.39,726546,98817395
3884,37610337363,100000008,11177.51,725738,98818252
3882,37610269610,100000016,11209.62,725522,98818499
3883,37610271783,100000004,11241.74,726624,98817366
3882,37609883369,100000003,11273.86,726624,98817332
3882,37609687820,100000005,11305.98,726624,98817356
3882,37610451768,100000004,11338.10,726567,98817366
3882,37610318701,100000008,11370.22,726536,98817431
3882,37610137441,100000004,11402.34,725269,98818697
3882,37610381748,100000002,11434.45,726036,98817985
3882,37610105437,100000002,11466.57,726624,98817354
3883,37609884738,100000004,11498.69,726624,98817352
3883,37609688111,100000004,11530.81,726624,98817331
3884,37610631073,100000008,11562.93,726554,98817385
3935,37610437416,100000008,11595.05,726263,98817734
3930,37610205485,100000004,11627.17,725128,98818842
3890,37610316768,100000004,11659.29,726463,98817540
3884,37609885555,100000004,11691.41,726624,98817352
3885,37609831800,100000004,11723.53,726624,98817346
3883,37609849146,100000008,11755.65,726604,98817346
3882,37610630935,100000004,11787.77,726555,98817374
3882,37610434989,100000008,11819.89,725792,98818205
3883,37610291769,100000012,11852.00,725457,98818559
3884,37610086860,100000004,11884.13,726624,98817361
3884,37610040580,100000004,11916.25,726624,98817344
3884,37609804884,100000008,11948.36,726624,98817355
3883,37610184560,100000004,11980.48,726573,98817361
3884,37610489727,100000004,12012.60,726530,98817432
3884,37610044273,100000016,12044.73,725320,98818656
3883,37610295632,100000008,12076.84,725985,98818045
3884,37610250662,100000008,12108.96,726624,98817354
3884,37609922118,100000004,12141.08,726624,98817363
3882,37609650894,100000004,12173.20,726624,98817326
3883,37610673497,100000004,12205.32,726554,98817370
3884,37610294303,100000004,12237.44,726323,98817677
3885,37610360261,100000008,12269.55,725114,98818861
3883,37610221397,100000004,12301.67,726417,98817591
3883,37609830316,100000004,12333.79,726624,98817347
3882,37609907219,100000008,12365.91,726624,98817351
3882,37609908572,100000004,12398.03,726606,98817343
3883,37610474641,100000008,12430.15,726562,98817370
3883,37610569540,100000004,12462.27,725850,98818144
3884,37610249587,100000004,12494.39,725390,98818619
3884,37610117438,100000004,12526.51,726624,98817357
3884,37610020281,100000008,12558.63,726624,98817346
3883,37609792594,100000008,12590.75,726624,98817350
3884,37610138013,100000008,12622.87,726575,98817374
3884,37610481019,100000004,12654.99,726539,98817424
3882,37610113704,100000008,12687.11,725396,98818568
3884,37610188935,100000008,12719.23,725898,98818129
3884,37610305695,100000004,12751.34,726624,98817353
3884,37609993324,100000004,12783.47,726624,98817348
3884,37609695138,100000008,12815.58,726624,98817350
3883,37610598102,100000008,12847.70,726554,98817369
3884,37610301058,100000008,12879.82,726378,98817620
3884,37610315755,100000008,12911.94,725121,98818846
3884,37610230781,100000012,12944.06,726355,98817676
3884,37609899960,100000004,12976.18,726624,98817348
3883,37609856433,100000004,13008.30,726624,98817338
3884,37609849482,100000004,13040.42,726609,98817343
3884,37610569658,100000004,13072.54,726559,98817374
3884,37610537078,100000004,13104.65,725906,98818086
3884,37610173800,100000004,13136.77,725334,98818679
3884,37610167565,100000004,13168.89,726624,98817343
3884,37610015653,100000004,13201.01,726624,98817356
3883,37609817658,100000012,13233.13,726624,98817341
3884,37610060171,100000004,13265.25,726580,98817375
3884,37610595955,100000004,13297.37,726535,98817423
3884,37610117334,100000004,13329.48,725457,98818507
3883,37610350943,100000004,13361.61,725836,98818177
3883,37610121769,100000016,13393.72,726624,98817378
3883,37609957593,100000008,13425.84,726624,98817355
3884,37609681738,100000016,13457.96,726624,98817358
3884,37610676102,100000004,13490.08,726554,98817359
3883,37610256883,100000004,13522.20,726432,98817566
3884,37610218220,100000004,13554.32,725116,98818838
3884,37610264228,100000008,13586.44,726306,98817723
3882,37609917081,100000004,13618.56,726624,98817347
3883,37609845180,100000004,13650.67,726624,98817349
3884,37609849079,100000004,13682.80,726616,98817326
3883,37610652637,100000008,13714.92,726552,98817384
3883,37610513516,100000012,13747.04,725970,98818036
3883,37610159450,100000003,13779.15,725270,98818734
3884,37610198007,100000001,13811.28,726624,98817348
3883,37609951107,100000008,13843.39,726624,98817361
3883,37609870959,100000016,13875.51,726624,98817346
3884,37610116298,100000004,13907.63,726581,98817371
3883,37610507885,100000012,13939.75,726538,98817415
3884,37610184485,100000008,13971.87,725537,98818441
3884,37610269264,100000004,14003.99,725752,98818261
3882,37610161454,100000004,14036.11,726624,98817369
3884,37609996891,100000008,14068.23,726624,98817357
3884,37609695006,100000004,14100.34,726624,98817339
3884,37610575858,100000012,14132.47,726554,98817373
3883,37610231989,100000004,14164.58,726496,98817500
3882,37610151187,100000008,14196.71,725102,98818857
3883,37610387391,100000008,14228.82,726256,98817766
3883,37609986256,100000004,14260.94,726624,98817341
3883,37609878818,100000004,14293.06,726624,98817360
3884,37609771045,100000004,14325.18,726617,98817329
3885,37610521812,100000008,14357.29,726557,98817383
3891,37610647124,100000004,14389.42,726033,98817962
3890,37610182609,100000004,14421.54,725201,98818785
3891,37610287972,100000016,14453.66,726624,98817378
3890,37609805708,100000008,14485.77,726624,98817360
3891,37609840059,100000004,14517.89,726624,98817335
3890,37610059979,100000024,14550.01,726590,98817376
3890,37610655003,100000003,14582.13,726532,98817412
3890,37610135146,100000001,14614.25,725602,98818376
3890,37610258637,100000004,14646.37,725684,98818324
3891,37610272881,100000016,14678.49,726624,98817381
3890,37609942768,100000004,14710.61,726624,98817354
3891,37609631704,100000016,14742.73,726624,98817354
3891,37610607510,100000004,14774.85,726556,98817362
3890,37610232008,100000004,14806.96,726530,98817462
3890,37610140989,100000004,14839.09,725128,98818830
3891,37610395165,100000008,14871.20,726194,98817834
3890,37609994411,100000004,14903.32,726624,98817337
3891,37609918855,100000012,14935.44,726624,98817361
3891,37609681489,100000015,14967.56,726622,98817347
3891,37610520939,100000001,14999.68,726554,98817377
3891,37610651228,100000024,15031.80,726103,98817909
3890,37610226411,100000004,15063.92,725129,98818851
3891,37610380703,100000008,15096.04,726624,98817374
3890,37609670817,100000004,15128.16,726624,98817347
3892,37609815636,100000004,15160.27,726624,98817351
3891,37610114779,100000008,15192.40,726593,98817345
3988,37610586144,100000004,15224.52,726541,98817405
3895,37610267060,100000004,15256.63,725644,98818340
3891,37610132506,100000008,15288.76,725630,98818389
3891,37610300434,100000008,15320.88,726624,98817367
3892,37609967726,100000004,15353.00,726624,98817348
3890,37609684432,100000004,15385.12,726624,98817348
3891,37610466694,100000004,15417.24,726562,98817359
3890,37610350665,100000008,15449.36,726530,98817451
3890,37610175777,100000004,15481.47,725172,98818804
3890,37610369008,100000004,15513.59,726144,98817880
3891,37609913163,100000004,15545.71,726624,98817330
3891,37610019289,100000012,15577.83,726624,98817362
3890,37609677121,100000012,15609.95,726624,98817342
3891,37610497217,100000004,15642.07,726554,98817373
3890,37610633933,100000012,15674.19,726160,98817849
3889,37610211251,100000012,15706.31,725115,98818874
3889,37610343031,100000008,15738.43,726579,98817416
3889,37609761135,100000012,15770.55,726624,98817358
3889,37609847760,100000004,15802.66,726624,98817354
3889,37609958656,100000004,15834.78,726601,98817332
3889,37610674556,100000004,15866.90,726538,98817405
3889,37610304280,100000008,15899.02,725702,98818288
3889,37610210829,100000004,15931.14,725567,98818444
3889,37610226479,100000008,15963.26,726624,98817373
3889,37609915935,100000004,15995.38,726624,98817330
3890,37609739835,100000008,16027.49,726624,98817362
3890,37610443807,100000008,16059.62,726565,98817365
3891,37610321218,100000004,16091.74,726533,98817436
3890,37610136018,100000004,16123.86,725220,98818750
3891,37610364044,100000004,16155.97,726090,98817941
3891,37610068740,100000008,16188.10,726624,98817342
3890,37609918475,100000004,16220.22,726624,98817355
3890,37609697104,100000008,16252.33,726624,98817340
3890,37610587548,100000004,16284.45,726554,98817374
3890,37610514570,100000004,16316.57,726214,98817783
3890,37610139700,100000004,16348.70,725132,98818835
3890,37610410011,100000004,16380.81,726508,98817496
3890,37609775401,100000004,16412.92,726624,98817355
3891,37609805925,100000004,16445.04,726624,98817348
3891,37609938339,100000004,16477.16,726602,98817336
3890,37610635676,100000008,16509.28,726546,98817397
3890,37610324900,100000008,16541.40,725751,98818242
3890,37610312014,100000004,16573.52,725509,98818499
3890,37610203118,100000004,16605.64,726624,98817364
3889,37609927268,100000004,16637.77,726624,98817336
3890,37609721295,100000008,16669.89,726624,98817357
3891,37610395250,100000016,16702.00,726569,98817378
3890,37610456159,100000004,16734.12,726534,98817429
3890,37610018497,100000004,16766.24,725276,98818689
3890,37610366079,100000008,16798.36,726029,98817999
3890,37610141933,100000006,16830.48,726624,98817357
3890,37609858301,100000002,16862.59,726624,98817351
3890,37609697307,100000010,16894.72,726624,98817336
3890,37610607116,100000014,16926.83,726554,98817387
3891,37610436571,100000004,16958.96,726281,98817713
3891,37610226470,100000004,16991.07,725123,98818846
3890,37610342677,100000008,17023.19,726450,98817561
3891,37609857214,100000012,17055.31,726624,98817358
3890,37609841701,100000004,17087.43,726624,98817348
3890,37609852999,100000012,17119.54,726604,98817351
3891,37610613544,100000004,17151.67,726555,98817374
3890,37610510922,100000004,17183.78,725802,98818191
3890,37610249746,100000004,17215.90,725447,98818560
3890,37610125994,100000004,17248.03,726624,98817359
3891,37610052300,100000004,17280.15,726624,98817346
3890,37609735299,100000004,17312.26,726624,98817352
3890,37610159503,100000004,17344.38,726575,98817359
3890,37610471670,100000016,17376.50,726532,98817442
3890,37610077190,100000012,17408.62,725332,98818638
3890,37610293588,100000008,17440.74,725969,98818059
3890,37610284634,100000004,17472.86,726624,98817352
3890,37609914723,100000008,17504.98,726624,98817368
3889,37609742129,100000004,17537.10,726624,98817327
3890,37610567831,100000004,17569.22,726554,98817365
3893,37610303634,100000004,17601.34,726336,98817667
3898,37610320345,100000006,17633.46,725116,98818855
3899,37610262086,100000002,17665.57,726402,98817606
3898,37609826030,100000004,17697.70,726624,98817349
3898,37609916479,100000008,17729.81,726624,98817348
3897,37609923021,100000008,17761.94,726606,98817349
3896,37610436981,100000008,17794.05,726562,98817369
3896,37610580893,100000004,17826.17,725865,98818130
3897,37610227318,100000012,17858.28,725375,98818641
3897,37610147878,100000020,17890.40,726624,98817371
3898,37610012017,100000008,17922.53,726624,98817349
3898,37609781191,100000004,17954.64,726624,98817340
3898,37610141756,100000004,17986.76,726576,98817376
3898,37610518704,100000008,18018.88,726538,98817421
3898,37610111519,100000004,18051.00,725411,98818555
3898,37610253467,100000004,18083.12,725883,98818138
3898,37610210166,100000004,18115.24,726624,98817356
3898,37610001070,100000004,18147.36,726624,98817349
3898,37609696543,100000004,18179.48,726624,98817346
3899,37610607387,100000004,18211.60,726554,98817365
3898,37610297314,100000004,18243.71,726393,98817601
3899,37610267149,100000004,18275.84,725117,98818840
3898,37610251929,100000012,18307.96,726344,98817689
3898,37609886887,100000016,18340.08,726624,98817364
3897,37609909262,100000004,18372.19,726624,98817338
3898,37609834772,100000004,18404.31,726611,98817338
3898,37610543948,100000004,18436.43,726557,98817378
3897,37610568199,100000004,18468.55,725918,98818073
3897,37610132634,100000008,18500.67,725322,98818690
3898,37610237566,100000004,18532.79,726624,98817350
3898,37609955404,100000004,18564.91,726624,98817356
3898,37609874510,100000004,18597.03,726624,98817331
3898,37610053651,100000008,18629.15,726580,98817379
3897,37610560109,100000004,18661.27,726536,98817422
3896,37610114853,100000008,18693.38,725467,98818501
3897,37610332805,100000004,18725.51,725825,98818184
3898,37610114053,100000004,18757.62,726624,98817372
3896,37609980566,100000004,18789.74,726624,98817350
3993,37609712981,100000004,18821.87,726624,98817345
3900,37610651092,100000004,18853.99,726554,98817359
3902,37610243868,100000004,18886.10,726452,98817547
3898,37610172228,100000004,18918.23,725110,98818844
3898,37610299873,100000004,18950.35,726292,98817729
3898,37609913166,100000020,18982.46,726624,98817362
3897,37609889651,100000004,19014.58,726624,98817348
3897,37609817029,100000004,19046.70,726616,98817333
3896,37610641132,100000016,19078.82,726552,98817392
3896,37610529109,100000004,19110.94,725985,98818012
3898,37610141833,100000012,19143.06,725255,98818751
3898,37610362986,100000004,19175.17,726624,98817357
3898,37609807766,100000004,19207.29,726624,98817358
3898,37609840048,100000004,19239.42,726624,98817335
3898,37610140286,100000008,19271.54,726581,98817367
3898,37610518574,100000004,19303.66,726541,98817408
3898,37610172328,100000008,19335.77,725547,98818434
3898,37610296529,100000008,19367.90,725739,98818278
3898,37610166916,100000004,19400.01,726624,98817365
3898,37609980423,100000012,19432.13,726624,98817358
3898,37609678623,100000004,19464.25,726624,98817342
3898,37610572897,100000004,19496.37,726554,98817369
3898,37610203788,100000004,19528.49,726512,98817482
3898,37610162974,100000004,19560.61,725099,98818854
3898,37610407569,100000004,19592.73,726243,98817780
3898,37609976946,100000008,19624.85,726624,98817342
3898,37609895186,100000004,19656.97,726624,98817362
3898,37609756984,100000004,19689.09,726617,98817330
3898,37610490652,100000004,19721.20,726557,98817379
3898,37610697091,100000004,19753.32,726044,98817951
3898,37610188730,100000008,19785.44,725190,98818795
3896,37610273465,100000004,19817.56,726624,98817369
3897,37609784989,100000004,19849.68,726624,98817358
3898,37609843831,100000004,19881.79,726624,98817335
3897,37610068418,100000004,19913.91,726590,98817356
3897,37610646047,100000004,19946.04,726532,98817406
3897,37610183952,100000004,19978.15,725612,98818374
3898,37610207068,100000004,20010.27,725674,98818336
3898,37610273142,100000008,20042.39,726624,98817371
3898,37609943163,100000008,20074.51,726624,98817360
3897,37609645579,100000004,20106.63,726624,98817342
3898,37610588472,100000008,20138.75,726556,98817366
3898,37610272839,100000012,20170.87,726530,98817467
3898,37610154583,100000004,20202.99,725139,98818822
3898,37610366348,100000004,20235.11,726183,98817841
3898,37609962054,100000016,20267.23,726624,98817349
3897,37609950398,100000001,20299.34,726624,98817343
3897,37609692088,100000003,20331.47,726623,98817340
3896,37610481501,100000004,20363.58,726554,98817378
3898,37610628462,100000008,20395.70,726111,98817888
3898,37610269520,100000008,20427.82,725124,98818859
3897,37610375769,100000016,20459.94,726620,98817386
3897,37609683804,100000016,20492.05,726624,98817356
3898,37609805733,100000008,20524.18,726624,98817359
3898,37610111844,100000004,20556.30,726595,98817339
3897,37610582349,100000004,20588.41,726541,98817405
3898,37610375630,100000008,20620.54,725656,98818332
3896,37610065699,100000004,20652.66,725616,98818399
3896,37610255953,100000004,20684.77,726624,98817361
3896,37609976617,100000004,20716.89,726624,98817343
3898,37609686195,100000004,20749.01,726624,98817355
3898,37610518379,100000004,20781.13,726563,98817358
3897,37610273047,100000004,20813.25,726531,98817444
3897,37610191707,100000004,20845.37,725183,98818791
3897,37610356558,100000004,20877.48,726131,98817897
3897,37609937947,100000004,20909.61,726624,98817330
3897,37609994851,100000004,20941.73,726624,98817354
3897,37609671051,100000012,20973.84,726624,98817340
3898,37610535959,100000008,21005.96,726554,98817378
3897,37610638543,100000016,21038.08,726166,98817848
3898,37610175552,100000004,21070.21,725118,98818858
3898,37610334490,100000004,21102.32,726570,98817426
3897,37609772459,100000004,21134.44,726624,98817350
3897,37609844044,100000012,21166.56,726624,98817361
3898,37609978015,100000008,21198.68,726601,98817336
3898,37610646260,100000012,21230.80,726538,98817414
3898,37610322099,100000016,21262.92,725718,98818277
3897,37610239777,100000024,21295.04,725551,98818483
3897,37610239435,100000008,21327.16,726624,98817369
3898,37609874792,100000004,21359.28,726624,98817332
3898,37609759732,100000004,21391.39,726624,98817358
3897,37610432144,100000012,21423.51,726565,98817370
3898,37610340705,100000004,21455.64,726533,98817435
3898,37610100721,100000004,21487.75,725233,98818736
3898,37610387632,100000008,21519.87,726077,98817949
3897,37610110649,100000004,21551.99,726624,98817350
3898,37609889613,100000012,21584.11,726624,98817361
3898,37609685345,100000008,21616.23,726624,98817341
3898,37610593249,100000012,21648.35,726554,98817382
3897,37610521493,100000004,21680.46,726227,98817766
3898,37610097229,100000001,21712.59,725137,98818832
3897,37610444304,100000003,21744.70,726490,98817512
3898,37609784818,100000004,21776.83,726624,98817354
3898,37609786839,100000004,21808.94,726624,98817345
3897,37609946871,100000012,21841.06,726604,98817347
3897,37610609849,100000004,21873.18,726547,98817390
3898,37610315832,100000008,21905.31,725761,98818228
3898,37610387399,100000012,21937.42,725496,98818524
3897,37610138277,100000008,21969.54,726624,98817367
3898,37609975404,100000008,22001.65,726624,98817343
3897,37609790054,100000004,22033.77,726624,98817353
3897,37610287288,100000004,22065.90,726571,98817364
3897,37610462069,100000008,22098.01,726532,98817435
3897,37610014978,100000004,22130.13,725286,98818674
3898,37610341921,100000004,22162.25,726019,98818009
3897,37610216144,100000004,22194.38,726624,98817353
3898,37609915512,100000008,22226.49,726624,98817360
3898,37609614560,100000004,22258.61,726624,98817330
3898,37610561495,100000008,22290.73,726554,98817376
3898,37610471663,100000008,22322.85,726301,98817701
3898,37610274603,100000008,22354.97,725111,98818860
3898,37610262318,100000020,22387.08,726442,98817582
3993,37609889806,100000004,22419.21,726624,98817352
3899,37609872338,100000004,22451.33,726624,98817343
3903,37609828783,100000008,22483.45,726606,98817350
3898,37610583112,100000008,22515.57,726556,98817372
3899,37610551056,100000004,22547.69,725810,98818188
3896,37610250847,100000004,22579.80,725436,98818571
3896,37610098666,100000004,22611.92,726624,98817359
3897,37610055275,100000012,22644.04,726624,98817349
3897,37609780751,100000008,22676.16,726624,98817359
3898,37610113262,100000012,22708.28,726575,98817369
3898,37610449663,100000004,22740.40,726536,98817425
3898,37610103198,100000004,22772.52,725353,98818608
3898,37610261399,100000004,22804.63,725944,98818079
3897,37610328387,100000008,22836.75,726624,98817356
3898,37609907848,100000004,22868.87,726624,98817362
3903,37609739641,100000016,22900.99,726624,98817343
3897,37610566569,100000008,22933.11,726554,98817370
3896,37610312588,100000012,22965.23,726348,98817663
3896,37610324746,100000008,22997.35,725116,98818853
3899,37610272775,100000004,23029.47,726390,98817624
3898,37609853121,100000004,23061.59,726624,98817349
3898,37609888896,100000004,23093.71,726624,98817340
3897,37609894499,100000004,23125.83,726606,98817349
3897,37610470284,100000004,23157.94,726562,98817364
3897,37610573134,100000008,23190.07,725878,98818122
3897,37610193566,100000004,23222.18,725362,98818646
3897,37610137050,100000004,23254.31,726624,98817354
3897,37610033902,100000008,23286.42,726624,98817349
3897,37609750430,100000004,23318.55,726624,98817339
3896,37610134822,100000004,23350.66,726579,98817371
3896,37610580269,100000004,23382.78,726535,98817424
3896,37610087766,100000008,23414.90,725425,98818545
3897,37610343949,100000008,23447.02,725869,98818150
3897,37610152145,100000008,23479.14,726624,98817366
3897,37609975364,100000008,23511.26,726624,98817353
3897,37609689640,100000008,23543.37,726624,98817350
3896,37610599021,100000004,23575.49,726554,98817360
3898,37610303595,100000004,23607.61,726401,98817597
3898,37610293776,100000004,23639.73,725123,98818831
3897,37610199212,100000012,23671.85,726330,98817707
3898,37609912353,100000004,23703.97,726624,98817352
3898,37609897936,100000004,23736.09,726624,98817338
3898,37609837830,100000004,23768.21,726611,98817334
3897,37610582420,100000008,23800.33,726557,98817379
3898,37610543944,100000002,23832.45,725931,98818065
3897,37610134810,100000002,23864.57,725309,98818694
3897,37610239035,100000008,23896.69,726624,98817355
3898,37609915052,100000008,23928.81,726624,98817362
3897,37609907672,100000004,23960.92,726624,98817330
3897,37610110826,100000016,23993.04,726580,98817388
3897,37610491617,100000008,24025.17,726538,98817424
3898,37610137580,100000004,24057.29,725484,98818478
3898,37610318757,100000004,24089.40,725806,98818204
3898,37610131119,100000004,24121.52,726624,98817371
3899,37609969704,100000004,24153.64,726624,98817351
3896,37609729282,100000004,24185.76,726624,98817345
3897,37610640340,100000004,24217.87,726554,98817360
3896,37610241030,100000016,24250.00,726460,98817549
3897,37610140636,100000004,24282.12,725109,98818846
3896,37610344744,100000008,24314.24,726285,98817737
3897,37609885317,100000004,24346.35,726624,98817340
3898,37609908712,100000004,24378.48,726624,98817358
3898,37609816010,100000008,24410.59,726617,98817333
3898,37610620401,100000012,24442.71,726551,98817392
3898,37610550705,100000002,24474.83,725996,98817999
3898,37610147059,100000002,24506.94,725244,98818750
3899,37610355562,100000008,24539.06,726624,98817360
3898,37609817463,100000004,24571.19,726624,98817360
3898,37609818600,100000008,24603.30,726624,98817340
3897,37610122908,100000004,24635.43,726583,98817358
3898,37610551953,100000008,24667.55,726539,98817415
3897,37610156476,100000004,24699.66,725567,98818412
3897,37610268017,100000004,24731.78,725719,98818291
3896,37610194153,100000004,24763.90,726624,98817368
3896,37609963939,100000008,24796.02,726624,98817354
3898,37609680719,100000008,24828.14,726624,98817346
3898,37610595000,100000012,24860.26,726554,98817375
3898,37610276559,100000004,24892.38,726520,98817473
3898,37610073153,100000004,24924.50,725101,98818852
3897,37610449340,100000012,24956.62,726233,98817800
3898,37609977148,100000004,24988.74,726624,98817338
3897,37609895572,100000010,25020.86,726624,98817364
3898,37609766916,100000006,25052.98,726617,98817337
3898,37610485995,100000008,25085.09,726557,98817381
3898,37610664956,100000004,25117.21,726059,98817937
3896,37610218275,100000004,25149.33,725175,98818807
3897,37610256348,100000020,25181.45,726624,98817382
3897,37609787981,100000004,25213.56,726624,98817357
3897,37609826676,100000008,25245.68,726624,98817342
3898,37610095613,100000004,25277.81,726590,98817347
3897,37610632992,100000012,25309.93,726533,98817420
3898,37610195522,100000012,25342.04,725625,98818367
3898,37610176724,100000012,25374.16,725660,98818363
3898,37610266924,100000008,25406.28,726624,98817371
3898,37609957860,100000004,25438.40,726624,98817354
3898,37609691260,100000004,25470.51,726624,98817339
3898,37610538902,100000012,25502.64,726560,98817371
3898,37610317066,100000008,25534.75,726527,98817461
3898,37610153615,100000016,25566.88,725153,98818825
3898,37610345173,100000004,25598.99,726168,98817854
3897,37609974979,100000020,25631.11,726624,98817352
3896,37609937902,100000008,25663.24,726624,98817353
3897,37609693692,100000004,25695.35,726624,98817339
3897,37610520623,100000004,25727.47,726554,98817379
3898,37610578848,100000004,25759.60,726127,98817865
3896,37610268380,100000004,25791.72,725121,98818859
3897,37610390301,100000010,25823.83,726606,98817396
3897,37609704010,100000002,25855.95,726624,98817341
3898,37609778413,100000004,25888.07,726624,98817356
3898,37610109601,100000012,25920.18,726595,98817345
3898,37610569690,100000008,25952.30,726543,98817407
3897,37610390364,100000012,25984.43,725671,98818322
3979,37610122225,100000012,26016.55,725599,98818423
3914,37610258816,100000004,26048.66,726624,98817363
3902,37609953981,100000016,26080.79,726624,98817352
3899,37609685820,100000008,26112.91,726624,98817360
3899,37610532828,100000004,26145.02,726563,98817358
3898,37610261618,100000008,26177.15,726531,98817444
3898,37610146795,100000012,26209.26,725201,98818781
3898,37610358467,100000004,26241.38,726113,98817919
3898,37610054897,100000008,26273.50,726624,98817336
3898,37609936683,100000004,26305.62,726624,98817352
3898,37609682154,100000008,26337.74,726624,98817338
3898,37610600739,100000012,26369.86,726554,98817382
3898,37610522272,100000008,26401.98,726186,98817816
3898,37610181120,100000004,26434.10,725114,98818861
3898,37610363441,100000004,26466.22,726554,98817444
3898,37609774389,100000008,26498.33,726624,98817356
3898,37609788550,100000012,26530.46,726624,98817362
3898,37609955924,100000004,26562.58,726602,98817331
3898,37610656552,100000008,26594.69,726540,98817407
3897,37610341247,100000008,26626.81,725732,98818256
3898,37610256785,100000012,26658.93,725534,98818488
3898,37610275382,100000004,26691.05,726624,98817363
3898,37609850973,100000008,26723.17,726624,98817338
3898,37609728259,100000008,26755.29,726624,98817356
3898,37610461460,100000008,26787.41,726565,98817372
3898,37610316345,100000004,26819.52,726534,98817430
3897,37610091046,100000024,26851.65,725254,98818734
3898,37610413329,100000004,26883.76,726055,98817967
3896,37610080658,100000008,26915.88,726624,98817358
3896,37609932921,100000004,26948.00,726624,98817352
3898,37609673448,100000004,26980.12,726624,98817336
3897,37610583706,100000004,27012.24,726554,98817377
3898,37610487557,100000012,27044.36,726244,98817757
3898,37610192846,100000004,27076.48,725138,98818834
3898,37610333904,100000004,27108.60,726472,98817529
3898,37609859297,100000012,27140.72,726624,98817364
3898,37609802555,100000008,27172.84,726624,98817346
3898,37609901473,100000004,27204.96,726604,98817342
3898,37610606487,100000012,27237.08,726547,98817395
3898,37610453505,100000004,27269.19,725781,98818207
3898,37610274363,100000004,27301.31,725476,98818536
3898,37610062195,100000004,27333.43,726624,98817360
3898,37610020561,100000016,27365.55,726624,98817352
3897,37609844648,100000004,27397.67,726624,98817353
3897,37610240465,100000004,27429.79,726572,98817361
3897,37610465109,100000004,27461.91,726531,98817434
3898,37610023307,100000003,27494.03,725301,98818660
3897,37610330896,100000001,27526.14,726004,98818019
3897,37610229128,100000012,27558.27,726624,98817358
3897,37609889962,100000004,27590.39,726624,98817361
3898,37609627960,100000012,27622.50,726624,98817337
3898,37610617330,100000004,27654.62,726554,98817368
3897,37610406506,100000012,27686.75,726313,98817696
3899,37610339326,100000005,27718.86,725114,98818856
3898,37610199979,100000003,27750.98,726427,98817580
3898,37609885067,100000004,27783.10,726624,98817349
3898,37609883087,100000004,27815.21,726624,98817346
3898,37609880677,100000004,27847.34,726606,98817344
3899,37610500414,100000004,27879.46,726560,98817366
3898,37610589336,100000008,27911.58,725832,98818168
3898,37610241288,100000004,27943.70,725410,98818598
3897,37610099092,100000004,27975.82,726624,98817359
3898,37610042390,100000008,28007.93,726624,98817345
3897,37609798550,100000012,28040.05,726624,98817357
3898,37610115675,100000004,28072.17,726575,98817365
3899,37610454816,100000004,28104.29,726539,98817425
3898,37610106477,100000004,28136.41,725373,98818587
3899,37610243927,100000008,28168.53,725921,98818105
3898,37610325361,100000004,28200.65,726624,98817354
3898,37609920618,100000004,28232.76,726624,98817352
3898,37609746505,100000016,28264.88,726624,98817353
3898,37610585563,100000018,28297.01,726554,98817379
3898,37610273159,100000002,28329.12,726364,98817634
3898,37610356715,100000008,28361.25,725123,98818846
3898,37610226327,100000004,28393.36,726367,98817649
3898,37609894434,100000008,28425.48,726624,98817352
3898,37609846168,100000004,28457.61,726624,98817342
3898,37609883334,100000005,28489.72,726608,98817347
3897,37610539498,100000003,28521.84,726560,98817367
3898,37610553083,100000008,28553.96,725896,98818099
3899,37610174852,100000008,28586.08,725344,98818673
3906,37610144635,100000004,28618.20,726624,98817350
3906,37610031284,100000004,28650.32,726624,98817348
3905,37609776130,100000004,28682.44,726624,98817340
3905,37610107470,100000008,28714.56,726579,98817374
3905,37610590936,100000004,28746.67,726536,98817422
3905,37610115736,100000004,28778.79,725441,98818524
3905,37610318788,100000008,28810.91,725852,98818168
3906,37610165296,100000004,28843.03,726624,98817362
3906,37609919113,100000008,28875.15,726624,98817355
3906,37609693516,100000004,28907.27,726624,98817346
3906,37610611535,100000004,28939.39,726554,98817358
3906,37610323402,100000008,28971.51,726414,98817590
3906,37610274244,100000012,29003.63,725123,98818838
3907,37610222664,100000015,29035.74,726317,98817723
3906,37609902326,100000005,29067.86,726624,98817348
3907,37609870893,100000004,29099.98,726624,98817344
3906,37609834589,100000008,29132.10,726614,98817334
3906,37610576632,100000008,29164.22,726554,98817380
3906,37610586408,100000004,29196.34,725961,98818038
3906,37610173883,100000004,29228.46,725279,98818727
3906,37610185743,100000004,29260.58,726624,98817350
3906,37609908157,100000004,29292.70,726624,98817358
3907,37609913695,100000004,29324.82,726624,98817332
3907,37610106165,100000004,29356.94,726580,98817375
3907,37610518055,100000008,29389.05,726538,98817421
3907,37610163076,100000004,29421.17,725510,98818455
3906,37610272411,100000008,29453.30,725780,98818234
3907,37610145499,100000016,29485.41,726624,98817382
3906,37610020925,100000004,29517.54,726624,98817353
3905,37609665397,100000012,29549.65,726624,98817353
3906,37610644230,100000016,29581.77,726554,98817371
3973,37610236225,100000012,29613.90,726478,98817525
3938,37610139407,100000004,29646.02,725101,98818855
3911,37610362926,100000008,29678.13,726275,98817748
3906,37609874831,100000004,29710.26,726624,98817338
3906,37609973451,100000004,29742.38,726624,98817361
3906,37609788221,100000008,29774.49,726617,98817332
3906,37610552964,100000016,29806.61,726555,98817393
3905,37610595182,100000004,29838.73,726019,98817978
3906,37610197455,100000004,29870.85,725217,98818774
3906,37610322033,100000002,29902.97,726624,98817358
3906,37609814872,100000006,29935.09,726624,98817358
3906,37609805849,100000004,29967.21,726624,98817337
3905,37610095075,100000008,29999.33,726587,98817361
3906,37610600999,100000004,30031.45,726535,98817413
3906,37610109353,100000008,30063.57,725590,98818392
3905,37610278644,100000004,30095.69,725696,98818313
3906,37610263959,100000004,30127.81,726624,98817370
3906,37609921353,100000008,30159.92,726624,98817357
3904,37609679233,100000012,30192.05,726624,98817350
3905,37610577021,100000012,30224.17,726556,98817370
3904,37610269931,100000007,30256.28,726528,98817467
3905,37610125765,100000001,30288.40,725115,98818838
3904,37610415513,100000004,30320.52,726209,98817816
3905,37609992488,100000004,30352.64,726624,98817338
3906,37609882136,100000004,30384.76,726624,98817357
3906,37609741915,100000004,30416.87,726617,98817337
3906,37610486583,100000004,30449.00,726557,98817375
3906,37610640185,100000008,30481.12,726078,98817923
3906,37610233281,100000008,30513.24,725156,98818826
3905,37610363488,100000004,30545.36,726624,98817368
3905,37609673004,100000004,30577.48,726624,98817350
3905,37609830765,100000004,30609.60,726624,98817347
3906,37610135410,100000004,30641.71,726593,98817344
3906,37610577175,100000008,30673.83,726537,98817411
3906,37610244086,100000012,30705.95,725634,98818358
3905,37610153114,100000008,30738.07,725644,98818375
3906,37610243586,100000004,30770.19,726624,98817366
3905,37609992784,100000008,30802.31,726624,98817349
3905,37609716079,100000008,30834.42,726624,98817352
3904,37610465380,100000008,30866.55,726561,98817367
3905,37610359576,100000016,30898.66,726528,98817463
3904,37610154235,100000004,30930.79,725157,98818816
3905,37610382924,100000008,30962.90,726162,98817864
3906,37609925592,100000004,30995.02,726624,98817334
3906,37609968644,100000008,31027.14,726624,98817354
3905,37609714469,100000004,31059.26,726624,98817336
3906,37610493573,100000004,31091.38,726554,98817379
3906,37610610023,100000004,31123.50,726135,98817860
3906,37610232643,100000004,31155.62,725123,98818855
3905,37610361549,100000008,31187.74,726596,98817402
3906,37609721657,100000004,31219.85,726624,98817348
3905,37609833975,100000004,31251.98,726624,98817356
3906,37610003380,100000004,31284.10,726600,98817330
3904,37610617446,100000004,31316.22,726539,98817409
3906,37610372914,100000008,31348.33,725688,98818301
3906,37610135138,100000004,31380.45,725581,98818430
3906,37610267800,100000004,31412.57,726624,98817366
3906,37609916248,100000004,31444.69,726624,98817336
3905,37609721132,100000008,31476.81,726624,98817363
3905,37610470656,100000020,31508.93,726563,98817374
3905,37610285384,100000004,31541.05,726533,98817439
3906,37610170410,100000012,31573.17,725208,98818771
3905,37610360907,100000004,31605.29,726104,98817930
3905,37610078276,100000004,31637.40,726624,98817331
3905,37609882336,100000016,31669.53,726624,98817364
3905,37609723651,100000004,31701.64,726624,98817336
3906,37610572105,100000004,31733.76,726554,98817374
3906,37610531275,100000004,31765.88,726199,98817799
3906,37610184866,100000010,31798.01,725124,98818853
3906,37610399702,100000010,31830.12,726531,98817477
3905,37609744880,100000004,31862.25,726624,98817352
3906,37609816506,100000004,31894.36,726624,98817354
3904,37609927390,100000004,31926.48,726602,98817331
3904,37610630842,100000004,31958.60,726546,98817396
3906,37610336377,100000008,31990.72,725736,98818253
3906,37610271805,100000004,32022.84,725524,98818486
3907,37610272267,100000006,32054.96,726624,98817367
3906,37609869121,100000002,32087.08,726624,98817331
3906,37609704217,100000008,32119.19,726624,98817359
3906,37610446435,100000008,32151.32,726567,98817370
3905,37610320185,100000004,32183.44,726535,98817428
3905,37610130375,100000004,32215.56,725266,98818700
3906,37610388850,100000006,32247.67,726040,98817985
3906,37610086322,100000002,32279.79,726624,98817354
3905,37609904611,100000004,32311.91,726624,98817352
3906,37609689383,100000004,32344.03,726624,98817332
3907,37610624429,100000004,32376.15,726554,98817380
3906,37610440017,100000004,32408.27,726262,98817731
3906,37610191788,100000004,32440.39,725128,98818843
3906,37610327317,100000004,32472.51,726464,98817539
3906,37609883333,100000008,32504.63,726624,98817357
3906,37609833363,100000004,32536.74,726624,98817344
3906,37609854725,100000008,32568.86,726604,98817346
3906,37610607858,100000004,32600.98,726555,98817374
3905,37610449898,100000004,32633.11,725787,98818206
3906,37610291053,100000008,32665.23,725462,98818552
3906,37610072752,100000008,32697.34,726624,98817363
3906,37610035689,100000004,32729.46,726624,98817344
3905,37609840485,100000016,32761.58,726624,98817365
3906,37610186011,100000004,32793.70,726572,98817360
3906,37610491977,100000004,32825.82,726531,98817431
3906,37610036634,100000008,32857.94,725315,98818653
3905,37610300039,100000012,32890.06,725990,98818044
3905,37610236216,100000004,32922.17,726624,98817352
3906,37609918442,100000004,32954.30,726624,98817361
3907,37609647184,100000004,32986.41,726624,98817326
3907,37610678290,100000004,33018.53,726554,98817371
3906,37610297404,100000012,33050.65,726320,98817687
3905,37610377512,100000008,33082.78,725116,98818859
3905,37610202520,100000004,33114.89,726418,98817590
3906,37609831845,100000016,33147.01,726624,98817359
3906,37609919719,100000008,33179.13,726624,98817351
3931,37609941698,100000012,33211.25,726545,98817409
3972,37610566143,100000008,33243.37,726559,98817378
3905,37610554774,100000016,33275.48,725908,98818096
3903,37610159385,100000004,33307.61,725332,98818681
3901,37610192552,100000008,33339.73,726624,98817347
3902,37609987126,100000008,33371.85,726624,98817360
3902,37609826908,100000004,33403.96,726624,98817333
3902,37610076403,100000012,33436.07,726580,98817383
3902,37610595692,100000004,33468.20,726535,98817423
3903,37610112000,100000008,33500.32,725458,98818509
3901,37610352058,100000012,33532.43,725835,98818184
3902,37610117978,100000004,33564.55,726624,98817369
3901,37609957937,100000004,33596.67,726624,98817350
3902,37609671465,100000004,33628.79,726624,98817347
3902,37610675545,100000016,33660.90,726554,98817371
3902,37610258139,100000004,33693.02,726439,98817558
3902,37610208842,100000008,33725.14,725117,98818842
3902,37610277946,100000008,33757.26,726298,98817730
3902,37609914221,100000004,33789.37,726624,98817342
3901,37609859792,100000008,33821.49,726624,98817355
3902,37609834303,100000016,33853.61,726616,98817342
3902,37610663310,100000016,33885.72,726552,98817392
3906,37610502823,100000004,33917.84,725974,98818023
3902,37610162104,100000008,33949.96,725266,98818740
3902,37610231017,100000004,33982.07,726624,98817355
3902,37609929440,100000004,34014.20,726624,98817357
3901,37609859780,100000008,34046.31,726624,98817338
3902,37610118172,100000004,34078.43,726581,98817369
3903,37610510090,100000004,34110.55,726539,98817407
3903,37610182403,100000004,34142.67,725541,98818433
3903,37610282740,100000008,34174.79,725747,98818271
3901,37610169430,100000004,34206.90,726624,98817367
3902,37609986491,100000008,34239.01,726624,98817353
3902,37609679438,100000008,34271.14,726624,98817347
3902,37610579518,100000004,34303.25,726554,98817367
3902,37610229695,100000008,34335.37,726497,98817503
3902,37610145534,100000008,34367.49,725105,98818854
3902,37610393074,100000004,34399.60,726252,98817766
3901,37609985166,100000012,34431.72,726624,98817347
3901,37609892690,100000004,34463.85,726624,98817362
3904,37609756526,100000008,34495.96,726617,98817333
3901,37610519492,100000008,34528.08,726557,98817383
3902,37610675501,100000004,34560.20,726039,98817956
3902,37610175157,100000004,34592.31,725195,98818786
3901,37610264604,100000001,34624.43,726624,98817367
3900,37609809518,100000003,34656.54,726624,98817356
3900,37609844229,100000012,34688.66,726624,98817343
3902,37610052359,100000004,34720.79,726590,98817356
3902,37610656421,100000004,34752.90,726532,98817409
3902,37610146563,100000002,34785.02,725602,98818381
3902,37610251574,100000002,34817.13,725684,98818322
3902,37610265065,100000004,34849.26,726624,98817369
3902,37609940499,100000008,34881.37,726624,98817358
3902,37609637811,100000004,34913.49,726624,98817342
3902,37610609528,100000004,34945.60,726556,98817362
3902,37610219772,100000004,34977.72,726530,98817462
3903,37610136397,100000004,35009.84,725132,98818826
3902,37610405036,100000008,35041.95,726190,98817838
3903,37609998924,100000004,35074.07,726624,98817337
3902,37609911569,100000012,35106.20,726624,98817361
3902,37609676570,100000004,35138.31,726622,98817336
3902,37610514154,100000004,35170.43,726554,98817380
3904,37610645982,100000004,35202.55,726104,98817888
3906,37610237563,100000004,35234.67,725128,98818852
3907,37610372695,100000004,35266.78,726624,98817369
3906,37609680719,100000004,35298.90,726624,98817348
3907,37609808034,100000004,35331.02,726624,98817351
3906,37610113567,100000004,35363.13,726593,98817341
3906,37610584511,100000012,35395.25,726542,98817412
3905,37610278687,100000004,35427.37,725646,98818338
3906,37610133403,100000008,35459.49,725627,98818392
3906,37610295373,100000004,35491.61,726624,98817363
3906,37609966639,100000004,35523.73,726624,98817347
3906,37609685952,100000004,35555.84,726624,98817349
3906,37610465210,100000004,35587.97,726563,98817358
3906,37610346353,100000012,35620.08,726531,98817453
3907,37610173576,100000008,35652.20,725173,98818808
3907,37610379087,100000004,35684.32,726141,98817883
3907,37609901992,100000004,35716.43,726624,98817330
3906,37610025410,100000004,35748.55,726624,98817354
3906,37609671649,100000004,35780.67,726624,98817334
3905,37610494799,100000016,35812.78,726554,98817385
3904,37610640082,100000008,35844.90,726160,98817845
3905,37610205618,100000008,35877.02,725117,98818868
3905,37610348400,100000004,35909.13,726577,98817414
3906,37609755039,100000004,35941.26,726624,98817350
3907,37609848842,100000004,35973.37,726624,98817354
3906,37609956417,100000004,36005.49,726601,98817332
3906,37610672942,100000004,36037.61,726538,98817405
3905,37610304336,100000012,36069.73,725704,98818289
3905,37610215090,100000004,36101.84,725565,98818447
3905,37610222564,100000004,36133.97,726624,98817369
3905,37609916562,100000004,36166.08,726624,98817330
3907,37609747696,100000004,36198.20,726624,98817358
3907,37610438310,100000004,36230.31,726565,98817361
3907,37610316372,100000004,36262.43,726533,98817436
3907,37610137753,100000004,36294.56,725221,98818749
3907,37610362380,100000004,36326.67,726089,98817941
3907,37610077383,100000004,36358.79,726624,98817339
3906,37609914994,100000008,36390.91,726624,98817359
3905,37609700339,100000004,36423.02,726624,98817336
3905,37610582553,100000008,36455.13,726554,98817377
3904,37610514026,100000004,36487.26,726215,98817782
3905,37610140052,100000012,36519.38,725135,98818841
3906,37610410289,100000020,36551.49,726504,98817515
3907,37609784032,100000008,36583.61,726624,98817360
3906,37609803159,100000004,36615.73,726624,98817347
3907,37609940650,100000016,36647.85,726603,98817348
3907,37610628464,100000004,36679.96,726545,98817394
3907,37610329159,100000008,36712.08,725751,98818242
3905,37610345058,100000004,36744.20,725509,98818499
3906,37610168522,100000016,36776.32,726624,98817376
3906,37609943334,100000004,36808.44,726624,98817336
4011,37609750974,100000004,36840.56,726624,98817353
3911,37610353052,100000004,36872.67,726569,98817366
3908,37610459106,100000004,36904.79,726534,98817429
3906,37610015663,100000016,36936.91,725277,98818700
3907,37610366142,100000008,36969.03,726028,98818000
3909,37610158950,100000004,37001.15,726624,98817355
3907,37609854399,100000008,37033.27,726624,98817357
3905,37609686288,100000004,37065.38,726624,98817330
3907,37610605315,100000004,37097.50,726554,98817376
3907,37610435606,100000008,37129.62,726283,98817716
3907,37610230327,100000004,37161.73,725124,98818845
3907,37610332462,100000008,37193.86,726447,98817564
3907,37609861686,100000008,37225.97,726624,98817354
3907,37609855901,100000004,37258.09,726624,98817346
3906,37609839293,100000008,37290.20,726604,98817349
3907,37610610342,100000008,37322.32,726555,98817378
3905,37610522280,100000004,37354.44,725802,98818191
3907,37610247863,100000004,37386.56,725447,98818560
3907,37610128382,100000016,37418.68,726624,98817371
3909,37610058812,100000004,37450.80,726624,98817344
3908,37609742133,100000004,37482.91,726624,98817354
3907,37610163918,100000004,37515.03,726575,98817359
3907,37610446344,100000012,37547.15,726533,98817437
3909,37610084165,100000005,37579.27,725331,98818632
3906,37610286325,100000003,37611.39,725969,98818053
3906,37610280397,100000004,37643.50,726624,98817353
3905,37609928841,100000004,37675.61,726624,98817363
3907,37609743903,100000004,37707.74,726624,98817328
3907,37610556400,100000008,37739.85,726554,98817369
3907,37610309454,100000004,37771.97,726336,98817667
3907,37610321454,100000004,37804.09,725120,98818847
3907,37610261668,100000004,37836.20,726398,98817614
3907,37609833718,100000004,37868.32,726624,98817349
3907,37609906850,100000004,37900.44,726624,98817344
3906,37609923376,100000004,37932.56,726606,98817345
3907,37610424186,100000004,37964.67,726562,98817365
3905,37610587747,100000004,37996.79,725865,98818130
3905,37610221063,100000008,38028.91,725375,98818637
3907,37610142068,100000012,38061.04,726624,98817363
3906,37610021890,100000004,38093.15,726624,98817345
3907,37609780657,100000008,38125.27,726624,98817344
3907,37610138955,100000008,38157.38,726576,98817380
3907,37610523363,100000004,38189.50,726538,98817417
3907,37610107254,100000004,38221.62,725412,98818554
3906,37610255872,100000012,38253.74,725882,98818147
3906,37610215090,100000004,38285.86,726624,98817356
3905,37609996789,100000004,38317.97,726624,98817349
3906,37609701388,100000008,38350.09,726624,98817350
3907,37610611255,100000008,38382.21,726554,98817369
3907,37610294162,100000004,38414.33,726394,98817600
3906,37610268504,100000004,38446.45,725118,98818839
3906,37610243972,100000004,38478.56,726342,98817683
3906,37609884696,100000004,38510.68,726624,98817352
3907,37609902711,100000004,38542.80,726624,98817338
3908,37609842359,100000004,38574.92,726611,98817338
3909,37610540873,100000016,38607.03,726557,98817389
3907,37610571877,100000001,38639.15,725919,98818070
3907,37610129955,100000011,38671.27,725321,98818694
3907,37610237000,100000024,38703.39,726624,98817370
3907,37609969203,100000008,38735.51,726624,98817360
3907,37609869562,100000004,38767.62,726624,98817331
3907,37610086980,100000004,38799.74,726580,98817375
3907,37610529549,100000008,38831.86,726536,98817426
3907,37610117965,100000004,38863.98,725467,98818497
3907,37610330391,100000004,38896.09,725825,98818184
3906,37610107606,100000004,38928.21,726624,98817372
3906,37610001211,100000004,38960.33,726624,98817350
3908,37609699993,100000004,38992.44,726624,98817345
3907,37610665429,100000008,39024.56,726554,98817363
3908,37610226327,100000004,39056.69,726454,98817545
3907,37610171620,100000008,39088.80,725108,98818849
3908,37610304333,100000004,39120.92,726292,98817730
3907,37609906646,100000012,39153.04,726624,98817353
3907,37609901801,100000008,39185.16,726624,98817353
3908,37609811983,100000008,39217.27,726616,98817337
3908,37610637658,100000012,39249.38,726552,98817388
3909,37610530883,100000004,39281.50,725987,98818010
3907,37610146587,100000008,39313.62,725253,98818748
3907,37610355708,100000004,39345.74,726624,98817358
3907,37609816698,100000004,39377.86,726624,98817358
3908,37609827210,100000004,39409.98,726624,98817335
3908,37610148451,100000008,39442.09,726581,98817366
3908,37610527740,100000004,39474.21,726541,98817409
3908,37610147412,100000004,39506.33,725547,98818430
3909,37610304426,100000012,39538.44,725739,98818282
3908,37610176359,100000004,39570.56,726624,98817365
3906,37609974088,100000004,39602.68,726624,98817350
3906,37609672749,100000004,39634.79,726624,98817342
3909,37610578135,100000004,39666.91,726554,98817369
3908,37610201399,100000008,39699.04,726512,98817484
3905,37610158589,100000008,39731.16,725101,98818858
3905,37610422193,100000004,39763.27,726241,98817782
3905,37609972533,100000004,39795.39,726624,98817338
3906,37609888811,100000004,39827.51,726624,98817362
3907,37609770055,100000004,39859.62,726617,98817330
3909,37610486141,100000004,39891.74,726557,98817379
3908,37610695996,100000012,39923.86,726045,98817958
3908,37610187715,100000004,39955.98,725189,98818792
3907,37610276675,100000004,39988.09,726624,98817369
3908,37609795060,100000004,40020.21,726624,98817358
3907,37609835811,100000008,40052.33,726624,98817339
3908,37610069497,100000004,40084.45,726590,98817356
3908,37610643172,100000004,40116.56,726532,98817405
3908,37610185289,100000004,40148.69,725612,98818373
3907,37610200227,100000004,40180.80,725674,98818338
3908,37610276054,100000016,40212.92,726624,98817379
3908,37609949688,100000004,40245.04,726624,98817356
3908,37609643927,100000004,40277.16,726624,98817342
3908,37610575625,100000012,40309.27,726557,98817369
3907,37610280303,100000004,40341.39,726529,98817460
3908,37610168227,100000004,40373.51,725141,98818820
3910,37610348517,100000016,40405.62,726181,98817855
4009,37609965217,100000012,40437.75,726624,98817345
3909,37609963058,100000008,40469.87,726624,98817350
3911,37609687778,100000006,40501.98,726623,98817342
3909,37610485267,100000002,40534.11,726554,98817377
3909,37610619431,100000008,40566.22,726114,98817885
3908,37610265910,100000004,40598.34,725122,98818857
3908,37610373280,100000004,40630.45,726619,98817375
3908,37609687622,100000004,40662.57,726624,98817344
3908,37609796714,100000004,40694.69,726624,98817355
3909,37610126282,100000004,40726.81,726595,98817339
3909,37610588594,100000004,40758.93,726541,98817405
3908,37610360902,100000020,40791.05,725656,98818344
3909,37610091589,100000004,40823.17,725616,98818399
3911,37610248598,100000004,40855.28,726624,98817361
3911,37609958966,100000004,40887.40,726624,98817343
3908,37609684773,100000004,40919.51,726624,98817355
3907,37610516420,100000004,40951.64,726563,98817358
3909,37610280257,100000004,40983.75,726531,98817443
3908,37610197971,100000004,41015.87,725185,98818788
3908,37610336901,100000004,41048.00,726129,98817901
3908,37609957574,100000004,41080.11,726624,98817330
3909,37609990677,100000004,41112.23,726624,98817354
3908,37609667335,100000016,41144.35,726624,98817344
3909,37610543901,100000004,41176.46,726554,98817374
3908,37610619217,100000004,41208.58,726167,98817835
3908,37610180656,100000008,41240.70,725118,98818861
3909,37610333600,100000008,41272.82,726569,98817432
3908,37609779564,100000004,41304.94,726624,98817350
3912,37609836796,100000012,41337.05,726624,98817361
3911,37609977846,100000008,41369.17,726601,98817336
3911,37610641259,100000016,41401.28,726538,98817418
3907,37610329541,100000012,41433.40,725720,98818271
3909,37610236065,100000004,41465.52,725549,98818465
3908,37610233558,100000004,41497.64,726624,98817365
3909,37609881594,100000004,41529.75,726624,98817332
3908,37609762177,100000001,41561.88,726624,98817355
3908,37610423109,100000003,41593.99,726565,98817361
3907,37610337923,100000008,41626.11,726533,98817439
3909,37610106501,100000004,41658.23,725233,98818736
3909,37610383566,100000004,41690.35,726077,98817945
3910,37610110046,100000008,41722.46,726624,98817354
3909,37609890061,100000016,41754.58,726624,98817365
3909,37609689347,100000012,41786.70,726624,98817345
3908,37610594435,100000004,41818.82,726554,98817374
3906,37610519373,100000004,41850.93,726228,98817765
3908,37610112183,100000004,41883.06,725136,98818836
3909,37610426416,100000004,41915.17,726490,98817513
3908,37609795701,100000004,41947.29,726624,98817354
3908,37609788835,100000004,41979.41,726624,98817345
3909,37609935441,100000004,42011.52,726604,98817339
3909,37610607100,100000004,42043.64,726547,98817390
3908,37610313413,100000008,42075.76,725761,98818228
3910,37610386155,100000008,42107.88,725496,98818520
3909,37610138247,100000004,42139.99,726624,98817363
3909,37609977909,100000008,42172.12,726624,98817343
3909,37609790598,100000008,42204.23,726624,98817357
3910,37610290400,100000004,42236.35,726571,98817364
3910,37610456811,100000008,42268.47,726532,98817435
3910,37610017547,100000004,42300.59,725286,98818674
3910,37610344000,100000004,42332.71,726019,98818009
3910,37610215738,100000004,42364.82,726624,98817353
3910,37609910175,100000004,42396.95,726624,98817356
3911,37609616034,100000004,42429.06,726624,98817330
3908,37610561689,100000012,42461.18,726554,98817380
3910,37610471970,100000004,42493.30,726301,98817697
3909,37610275188,100000004,42525.41,725111,98818856
3910,37610258748,100000008,42557.53,726442,98817570
3910,37609882084,100000004,42589.65,726624,98817352
3910,37609877245,100000004,42621.77,726624,98817344
3909,37609827960,100000004,42653.88,726606,98817345
3910,37610578563,100000004,42686.00,726556,98817368
3909,37610559725,100000020,42718.12,725810,98818204
3910,37610250476,100000004,42750.24,725436,98818571
3909,37610099031,100000004,42782.35,726624,98817359
3909,37610054501,100000008,42814.47,726624,98817345
3910,37609781525,100000012,42846.59,726624,98817363
3910,37610113262,100000012,42878.71,726575,98817369
3910,37610449665,100000004,42910.83,726536,98817425
3910,37610103916,100000008,42942.94,725353,98818612
3910,37610264329,100000020,42975.07,725944,98818095
3910,37610332780,100000004,43007.18,726624,98817352
3910,37609908191,100000004,43039.30,726624,98817362
3910,37609731503,100000004,43071.42,726624,98817331
3911,37610565677,100000002,43103.53,726554,98817364
3910,37610311690,100000006,43135.65,726347,98817658
3910,37610322385,100000004,43167.77,725116,98818849
3908,37610267857,100000004,43199.90,726391,98817623
3906,37609853541,100000004,43232.01,726624,98817349
3910,37609892989,100000008,43264.13,726624,98817344
3912,37609895232,100000004,43296.25,726606,98817349
3907,37610469338,100000002,43328.36,726562,98817362
3909,37610572069,100000004,43360.48,725878,98818118
3909,37610190960,100000002,43392.60,725362,98818644
3911,37610140495,100000008,43424.72,726624,98817358
3912,37610035048,100000008,43456.84,726624,98817349
3914,37609750896,100000004,43488.96,726624,98817339
3911,37610134462,100000004,43521.07,726579,98817372
3909,37610578693,100000008,43553.19,726535,98817427
3910,37610089641,100000004,43585.31,725423,98818543
3910,37610343994,100000008,43617.42,725871,98818148
3910,37610152477,100000012,43649.55,726624,98817370
3911,37609975955,100000008,43681.66,726624,98817353
3910,37609689762,100000008,43713.79,726624,98817350
3909,37610599158,100000004,43745.90,726554,98817360
3910,37610298953,100000004,43778.02,726401,98817597
3911,37610298727,100000008,43810.14,725123,98818835
3911,37610200872,100000016,43842.25,726330,98817711
3911,37609910952,100000004,43874.38,726624,98817352
3910,37609899343,100000004,43906.50,726624,98817338
3910,37609836406,100000004,43938.61,726611,98817334
3911,37610585476,100000012,43970.73,726557,98817383
3911,37610543539,100000004,44002.85,725932,98818066
4018,37610135507,100000004,44034.97,725308,98818696
3912,37610239462,100000008,44067.09,726624,98817356
3921,37609915811,100000004,44099.21,726624,98817358
3913,37609906394,100000008,44131.33,726624,98817334
3911,37610108654,100000004,44163.45,726580,98817376
3914,37610489191,100000004,44195.56,726538,98817420
3912,37610139846,100000004,44227.68,725484,98818478
3911,37610313296,100000004,44259.80,725806,98818204
3912,37610127497,100000004,44291.92,726624,98817371
3912,37609977536,100000008,44324.04,726624,98817355
3913,37609730934,100000008,44356.16,726624,98817349
3912,37610639085,100000004,44388.28,726554,98817360
3908,37610242384,100000016,44420.39,726460,98817549
3911,37610142698,100000010,44452.52,725109,98818852
3911,37610343849,100000010,44484.63,726285,98817739
3911,37609885882,100000004,44516.75,726624,98817340
3912,37609909486,100000004,44548.87,726624,98817358
3909,37609815660,100000004,44580.98,726617,98817329
3913,37610620206,100000020,44613.11,726551,98817400
3913,37610552909,100000008,44645.23,725997,98818004
3912,37610156083,100000008,44677.35,725243,98818757
3911,37610355678,100000004,44709.46,726624,98817356
3908,37609811034,100000008,44741.58,726624,98817364
3911,37609818080,100000004,44773.70,726624,98817336
3911,37610125358,100000004,44805.82,726583,98817357
3912,37610547740,100000008,44837.94,726539,98817415
3911,37610157316,100000004,44870.06,725569,98818411
3911,37610271995,100000008,44902.17,725717,98818297
3912,37610192835,100000004,44934.29,726624,98817368
3912,37609967844,100000008,44966.41,726624,98817354
3912,37609677552,100000004,44998.53,726624,98817342
3911,37610591144,100000012,45030.65,726554,98817375
3912,37610286799,100000004,45062.77,726520,98817473
3912,37610063072,100000016,45094.88,725102,98818863
3912,37610456157,100000004,45127.00,726232,98817793
3911,37609974704,100000008,45159.12,726624,98817342
3911,37609892042,100000004,45191.24,726624,98817358
3912,37609768572,100000004,45223.36,726617,98817335
3912,37610482631,100000004,45255.48,726557,98817377
3912,37610667516,100000012,45287.59,726059,98817945
3912,37610220895,100000012,45319.71,725175,98818813
3911,37610251113,100000004,45351.83,726624,98817368
3912,37609789993,100000004,45383.94,726624,98817356
3911,37609826934,100000004,45416.07,726624,98817339
3911,37610092916,100000012,45448.19,726590,98817355
3912,37610635085,100000012,45480.30,726533,98817420
3911,37610195067,100000012,45512.42,725625,98818367
3913,37610176272,100000024,45544.54,725660,98818373
3912,37610273038,100000012,45576.66,726624,98817377
3912,37609953727,100000008,45608.77,726624,98817358
3908,37609699867,100000004,45640.90,726624,98817339
3909,37610539790,100000008,45673.01,726560,98817367
3912,37610315001,100000004,45705.13,726527,98817456
3912,37610148345,100000012,45737.25,725153,98818822
3909,37610350394,100000004,45769.36,726168,98817854
3912,37609967212,100000008,45801.48,726624,98817340
3914,37609935543,100000004,45833.60,726624,98817349
3914,37609697344,100000004,45865.72,726624,98817339
3913,37610519288,100000004,45897.84,726554,98817378
3912,37610576535,100000008,45929.96,726128,98817869
3914,37610269074,100000004,45962.08,725120,98818860
3913,37610389133,100000004,45994.20,726606,98817390
3912,37609702874,100000004,46026.31,726624,98817343
3910,37609780152,100000012,46058.43,726624,98817364
3909,37610106675,100000014,46090.55,726595,98817346
3912,37610574823,100000002,46122.67,726543,98817402
3913,37610387065,100000004,46154.79,725671,98818314
3913,37610118969,100000004,46186.91,725599,98818415
3913,37610260334,100000008,46219.02,726624,98817367
3912,37609950792,100000008,46251.14,726624,98817344
3911,37609682724,100000004,46283.26,726624,98817356
3912,37610533715,100000004,46315.38,726563,98817359
3912,37610263253,100000004,46347.50,726531,98817439
3911,37610144510,100000008,46379.62,725201,98818777
3912,37610358103,100000004,46411.73,726113,98817919
3913,37610053175,100000004,46443.86,726624,98817332
3913,37609937241,100000012,46475.98,726624,98817360
3914,37609685632,100000004,46508.10,726624,98817334
3913,37610600093,100000012,46540.22,726554,98817382
3912,37610520476,100000004,46572.33,726186,98817813
3912,37610179996,100000004,46604.45,725114,98818860
3912,37610360800,100000008,46636.57,726554,98817448
3912,37609777078,100000004,46668.69,726624,98817352
3912,37609788134,100000008,46700.80,726624,98817358
3912,37609957024,100000004,46732.92,726602,98817331
3912,37610651974,100000004,46765.04,726540,98817403
3914,37610346655,100000020,46797.16,725732,98818268
3913,37610255876,100000004,46829.28,725534,98818480
3913,37610267546,100000004,46861.40,726624,98817365
3912,37609858216,100000008,46893.51,726624,98817336
3912,37609725622,100000012,46925.63,726624,98817361
3912,37610465817,100000008,46957.76,726565,98817371
3911,37610308053,100000004,46989.87,726534,98817430
3912,37610098392,100000004,47021.99,725254,98818714
3914,37610400331,100000012,47054.11,726055,98817975
3919,37610088652,100000008,47086.23,726624,98817358
3917,37609931537,100000008,47118.35,726624,98817356
3913,37609667655,100000004,47150.47,726624,98817336
3913,37610589495,100000004,47182.58,726554,98817377
3912,37610488007,100000008,47214.70,726241,98817756
3918,37610195494,100000012,47246.82,725141,98818839
3914,37610335076,100000004,47278.94,726472,98817529
3916,37609857827,100000004,47311.06,726624,98817356
3913,37609799762,100000004,47343.18,726624,98817342
3912,37609894795,100000004,47375.30,726604,98817342
3912,37610613773,100000008,47407.42,726547,98817392
3913,37610437580,100000004,47439.53,725779,98818208
3916,37610284114,100000004,47471.65,725478,98818534
3911,37610069838,100000013,47503.77,726624,98817370
3917,37610018238,100000003,47535.89,726624,98817338
3914,37609840281,100000004,47568.01,726624,98817354
3910,37610243677,100000004,47600.13,726572,98817360
3996,37610466705,100000016,47632.25,726531,98817446
3946,37610018338,100000004,47664.37,725301,98818661
3914,37610336010,100000008,47696.49,726004,98818026
3913,37610230075,100000004,47728.61,726624,98817350
3916,37609885755,100000004,47760.73,726624,98817361
3915,37609632287,100000008,47792.85,726624,98817333
3913,37610600250,100000004,47824.97,726554,98817368
3911,37610423572,100000001,47857.08,726311,98817687
3912,37610336099,100000003,47889.20,725114,98818854
3913,37610199810,100000004,47921.32,726429,98817579
3912,37609885570,100000012,47953.44,726624,98817357
3912,37609877985,100000004,47985.56,726624,98817346
3912,37609889404,100000004,48017.68,726606,98817345
3912,37610498658,100000008,48049.80,726560,98817369
3912,37610589031,100000004,48081.92,725829,98818167
3913,37610232496,100000004,48114.04,725413,98818595
3912,37610096818,100000004,48146.16,726624,98817359
3911,37610049038,100000012,48178.27,726624,98817349
3907,37609806205,100000008,48210.39,726624,98817353
3909,37610100376,100000004,48242.51,726575,98817366
3915,37610465420,100000004,48274.63,726539,98817424
3918,37610106343,100000004,48306.75,725369,98818591
3917,37610245951,100000008,48338.87,725925,98818101
3914,37610325198,100000004,48370.99,726624,98817354
3914,37609918200,100000004,48403.10,726624,98817353
3910,37609753183,100000020,48435.22,726624,98817356
3913,37610577503,100000008,48467.34,726554,98817369
3913,37610280931,100000008,48499.46,726363,98817641
3913,37610351675,100000004,48531.58,725121,98818845
3913,37610225917,100000012,48563.70,726370,98817653
3914,37609883687,100000004,48595.81,726624,98817349
3913,37609858300,100000004,48627.93,726624,98817341
3913,37609885881,100000008,48660.05,726608,98817350
3914,37610534790,100000008,48692.17,726560,98817372
3912,37610547561,100000008,48724.29,725896,98818099
3913,37610186726,100000012,48756.41,725344,98818677
3913,37610139761,100000008,48788.53,726624,98817354
3914,37610031307,100000004,48820.65,726624,98817348
3913,37609772077,100000004,48852.77,726624,98817340
3914,37610114461,100000004,48884.89,726579,98817371
3913,37610593707,100000004,48917.00,726536,98817421
3912,37610109116,100000004,48949.11,725440,98818526
3919,37610325555,100000020,48981.23,725853,98818178
3912,37610164268,100000006,49013.35,726624,98817365
3912,37609924984,100000010,49045.47,726624,98817356
3912,37609689280,100000009,49077.59,726624,98817351
3911,37610610423,100000003,49109.71,726554,98817357
3912,37610327453,100000008,49141.83,726414,98817590
3914,37610274362,100000008,49173.95,725123,98818834
3916,37610216181,100000004,49206.06,726317,98817713
3913,37609906150,100000004,49238.19,726624,98817346
3912,37609868982,100000004,49270.30,726624,98817344
3913,37609831874,100000004,49302.42,726614,98817330
3912,37610582164,100000012,49334.53,726554,98817385
3913,37610584061,100000008,49366.66,725960,98818042
3915,37610172597,100000004,49398.77,725280,98818726
3919,37610189481,100000008,49430.90,726624,98817354
3919,37609900825,100000004,49463.01,726624,98817358
3918,37609919536,100000004,49495.13,726624,98817332
3915,37610104924,100000012,49527.25,726580,98817383
3909,37610521479,100000008,49559.37,726538,98817421
3912,37610162913,100000008,49591.49,725509,98818460
3917,37610275893,100000008,49623.60,725781,98818233
3918,37610145480,100000020,49655.73,726624,98817386
3914,37610019764,100000004,49687.84,726624,98817353
3913,37609666817,100000012,49719.97,726624,98817353
3913,37610643734,100000008,49752.09,726554,98817363
3916,37610236717,100000020,49784.20,726478,98817533
3917,37610139411,100000004,49816.32,725101,98818855
3918,37610362223,100000006,49848.43,726275,98817746
3916,37609875245,100000006,49880.55,726624,98817340
3913,37609972338,100000004,49912.67,726624,98817361
3914,37609787699,100000004,49944.79,726617,98817328
3914,37610554888,100000020,49976.91,726555,98817397
3916,37610594519,100000004,50009.03,726019,98817978
3915,37610196948,100000004,50041.15,725217,98818774
3915,37610325669,100000012,50073.27,726624,98817368
3917,37609816234,100000020,50105.39,726624,98817372
3915,37609810594,100000012,50137.50,726624,98817345
3913,37610096887,100000016,50169.62,726587,98817369
3915,37610603748,100000004,50201.74,726535,98817413
3915,37610105279,100000004,50233.87,725594,98818384
3914,37610286134,100000008,50265.98,725692,98818321
3917,37610278136,100000004,50298.11,726624,98817370
3915,37609924388,100000004,50330.22,726624,98817353
3915,37609664116,100000004,50362.34,726624,98817341
3914,37610563861,100000008,50394.46,726556,98817367
3913,37610272158,100000004,50426.58,726528,98817464
3913,37610131336,100000008,50458.69,725115,98818845
3914,37610416527,100000012,50490.82,726209,98817824
3913,37609995885,100000012,50522.93,726624,98817346
3913,37609890981,100000004,50555.05,726624,98817357
3912,37609730716,100000012,50587.17,726617,98817345
3913,37610505334,100000004,50619.29,726557,98817375
3912,37610628018,100000006,50651.41,726080,98817919
3914,37610224948,100000014,50683.53,725154,98818834
3914,37610374518,100000016,50715.65,726624,98817380
3915,37609663314,100000004,50747.77,726624,98817350
3917,37609833434,100000020,50779.88,726624,98817363
3916,37610152562,100000004,50812.01,726593,98817344
3919,37610568412,100000004,50844.13,726538,98817405
3915,37610236690,100000004,50876.25,725635,98818350
3913,37610155476,100000020,50908.36,725642,98818388
3913,37610257949,100000004,50940.48,726624,98817365
3916,37609985772,100000004,50972.60,726624,98817347
3916,37609708863,100000004,51004.72,726624,98817348
3916,37610463280,100000004,51036.84,726562,98817360
3913,37610362900,100000004,51068.95,726527,98817454
3913,37610147720,100000004,51101.07,725159,98818814
3914,37610385698,100000004,51133.20,726160,98817862
3916,37609927699,100000008,51165.31,726624,98817338
3931,37609970987,100000004,51197.43,726624,98817349
3977,37609687926,100000004,51229.55,726624,98817337
3964,37610578707,100000004,51261.67,726554,98817374
3915,37610540200,100000012,51293.79,726199,98817807
3909,37610165589,100000008,51325.92,725124,98818851
3913,37610400400,100000012,51358.03,726531,98817479
3914,37609757305,100000004,51390.15,726624,98817352
3914,37609815880,100000004,51422.27,726624,98817354
3914,37609922307,100000004,51454.39,726602,98817331
3915,37610635270,100000004,51486.51,726546,98817395
3914,37610337325,100000004,51518.62,725738,98818248
3919,37610264981,100000004,51550.75,725522,98818487
3915,37610268359,100000004,51582.86,726624,98817366
3913,37609885809,100000008,51614.98,726624,98817337
3913,37609684257,100000004,51647.10,726624,98817355
3916,37610459846,100000012,51679.22,726567,98817374
3917,37610321971,100000016,51711.34,726536,98817439
3914,37610134659,100000004,51743.46,725269,98818697
3912,37610383547,100000004,51775.58,726036,98817987
3912,37610105361,100000004,51807.69,726624,98817356
3915,37609883954,100000004,51839.81,726624,98817352
3912,37609688871,100000004,51871.93,726624,98817331
3916,37610629663,100000008,51904.05,726554,98817385
3919,37610440230,100000008,51936.17,726263,98817734
3914,37610204071,100000004,51968.29,725128,98818842
3914,37610312612,100000004,52000.41,726463,98817540
3914,37609891365,100000008,52032.53,726624,98817356
3916,37609831806,100000004,52064.64,726624,98817346
3914,37609849509,100000012,52096.77,726604,98817350
3917,37610631286,100000004,52128.88,726555,98817374
3916,37610434269,100000004,52161.01,725792,98818201
3914,37610291717,100000012,52193.12,725457,98818559
3915,37610086900,100000004,52225.24,726624,98817361
3914,37610044230,100000020,52257.36,726624,98817360
3914,37609805621,100000008,52289.47,726624,98817355
3915,37610186596,100000004,52321.59,726573,98817361
3915,37610491018,100000008,52353.71,726530,98817436
3914,37610037588,100000004,52385.83,725320,98818644
3915,37610294873,100000004,52417.96,725985,98818041
3915,37610250408,100000004,52450.07,726624,98817350
3913,37609923190,100000008,52482.19,726624,98817367
3915,37609650084,100000004,52514.31,726624,98817326
3913,37610674159,100000004,52546.43,726554,98817370
3913,37610295093,100000004,52578.54,726323,98817677
3914,37610357287,100000004,52610.67,725114,98818857
3914,37610222719,100000005,52642.78,726417,98817592
3914,37609830256,100000003,52674.90,726624,98817346
3914,37609906945,100000004,52707.02,726624,98817347
3911,37609908339,100000008,52739.14,726606,98817347
3911,37610475105,100000008,52771.26,726562,98817370
3912,37610569583,100000004,52803.38,725849,98818145
3913,37610250704,100000008,52835.50,725391,98818622
3913,37610118085,100000004,52867.61,726624,98817357
3913,37610018402,100000004,52899.74,726624,98817342
3914,37609791477,100000004,52931.85,726624,98817346
3913,37610139485,100000016,52963.97,726575,98817382
3913,37610482037,100000008,52996.08,726539,98817428
3914,37610116134,100000008,53028.21,725396,98818568
3907,37610187049,100000004,53060.32,725898,98818125
3913,37610306723,100000004,53092.44,726624,98817353
3914,37609993124,100000004,53124.56,726624,98817348
3913,37609692502,100000004,53156.68,726624,98817346
3914,37610598107,100000008,53188.80,726554,98817369
3914,37610301041,100000008,53220.92,726378,98817620
3913,37610315521,100000004,53253.03,725121,98818842
3914,37610228208,100000004,53285.15,726355,98817668
3915,37609893864,100000002,53317.27,726624,98817346
3909,37609859356,100000002,53349.39,726624,98817336
3914,37609850425,100000008,53381.51,726609,98817347
3913,37610567265,100000004,53413.63,726559,98817374
3914,37610546418,100000024,53445.75,725906,98818106
3921,37610178847,100000008,53477.87,725334,98818683
3916,37610169577,100000004,53509.99,726624,98817343
3911,37610011638,100000004,53542.10,726624,98817356
3914,37609816191,100000004,53574.22,726624,98817333
3913,37610060327,100000012,53606.34,726580,98817383
3914,37610598652,100000004,53638.46,726535,98817423
3915,37610113728,100000004,53670.57,725457,98818507
3917,37610354739,100000008,53702.69,725836,98818181
3920,37610117234,100000008,53734.82,726624,98817370
3914,37609958647,100000004,53766.93,726624,98817351
3916,37609677343,100000012,53799.05,726624,98817354
3913,37610677464,100000004,53831.18,726554,98817359
3917,37610257135,100000008,53863.29,726432,98817570
3914,37610219957,100000004,53895.41,725116,98818838
3915,37610262241,100000004,53927.53,726306,98817719
3912,37609916641,100000004,53959.65,726624,98817347
3909,37609846844,100000012,53991.77,726624,98817357
3914,37609851681,100000004,54023.89,726616,98817326
3915,37610651581,100000004,54056.00,726552,98817380
3914,37610510744,100000008,54088.12,725970,98818032
3914,37610159512,100000004,54120.24,725270,98818735
3915,37610200872,100000004,54152.36,726624,98817351
3914,37609948448,100000008,54184.47,726624,98817361
3918,37609870054,100000008,54216.59,726624,98817338
3914,37610114109,100000004,54248.71,726581,98817371
3915,37610510634,100000016,54280.84,726538,98817419
3919,37610186190,100000012,54312.95,725537,98818445
3918,37610269293,100000004,54345.08,725752,98818261
3913,37610162869,100000004,54377.20,726624,98817369
3914,37609993821,100000004,54409.32,726624,98817353
3914,37609693622,100000004,54441.43,726624,98817339
3916,37610574125,100000004,54473.55,726554,98817365
3909,37610232730,100000008,54505.67,726496,98817504
3912,37610150247,100000004,54537.79,725102,98818853
3914,37610388129,100000008,54569.91,726256,98817766
3913,37609984030,100000004,54602.02,726624,98817341
3912,37609882850,100000008,54634.14,726624,98817364
3913,37609771817,100000008,54666.26,726617,98817333
3919,37610518090,100000004,54698.38,726557,98817379
3915,37610647705,100000004,54730.50,726033,98817962
3914,37610184339,100000008,54762.62,725201,98818789
3914,37610286256,100000004,54794.73,726624,98817366
3939,37609806279,100000004,54826.85,726624,98817356
4003,37609840179,100000004,54858.98,726624,98817335
3917,37610057545,100000008,54891.10,726590,98817360
3914,37610653927,100000004,54923.21,726532,98817413
3914,37610126551,100000008,54955.33,725602,98818383
3914,37610263217,100000004,54987.45,725684,98818324
3914,37610279266,100000008,55019.57,726624,98817373
3913,37609939009,100000008,55051.69,726624,98817358
3913,37609631459,100000008,55083.80,726624,98817346
3913,37610588655,100000001,55115.93,726556,98817359
3913,37610232853,100000003,55148.04,726530,98817461
3916,37610163314,100000016,55180.16,725128,98818842
3917,37610391336,100000008,55212.28,726194,98817834
3914,37609993443,100000008,55244.40,726624,98817341
4654,37609918752,100000004,55276.52,726624,98817354
4721,37609678185,100000004,55308.64,726622,98817336
